<?xml version="1.0" encoding="UTF-8" standalone="yes"?>
<addon id="repository.NTV" name="NTV-Repo" version="1.0.3" provider-name="Ryski">
	<extension point="xbmc.addon.repository" name="NTV-Repo">
		<info compressed="false">https://raw.githubusercontent.com/RyskiMod/NTV/master/addons.xml</info>
		<checksum>https://raw.githubusercontent.com/RyskiMod/NTV/master/addons.xml.md5</checksum>
		<datadir zip="true">http://github.com/RyskiMod/NTV/raw/master/zips</datadir>
	</extension>
	<extension point="xbmc.addon.metadata">
		<summary></summary>
		<description></description>
		<platform>all</platform>
	</extension>
</addon>

